{
  "userName": "Marie Dupont",
  "categories": [
    {
      "id": 1,
      "name": "Alimentation",
      "budget": 400,
      "color": "#3B82F6"
    },
    {
      "id": 2,
      "name": "Transport",
      "budget": 200,
      "color": "#8B5CF6"
    },
    {
      "id": 3,
      "name": "Loisirs",
      "budget": 150,
      "color": "#EC4899"
    },
    {
      "id": 4,
      "name": "Logement",
      "budget": 800,
      "color": "#10B981"
    },
    {
      "id": 5,
      "name": "Santé",
      "budget": 100,
      "color": "#EAB308"
    }
  ],
  "expenses": [
    {
      "id": 1,
      "date": "2024-01-15",
      "category": "Alimentation",
      "amount": 45.30,
      "description": "Courses Carrefour"
    },
    {
      "id": 2,
      "date": "2024-01-14",
      "category": "Transport",
      "amount": 65.00,
      "description": "Plein d'essence"
    },
    {
      "id": 3,
      "date": "2024-01-13",
      "category": "Loisirs",
      "amount": 25.00,
      "description": "Cinéma"
    },
    {
      "id": 4,
      "date": "2024-01-12",
      "category": "Alimentation",
      "amount": 32.50,
      "description": "Restaurant"
    },
    {
      "id": 5,
      "date": "2024-01-11",
      "category": "Logement",
      "amount": 800.00,
      "description": "Loyer"
    },
    {
      "id": 6,
      "date": "2024-01-10",
      "category": "Santé",
      "amount": 35.00,
      "description": "Pharmacie"
    },
    {
      "id": 7,
      "date": "2024-01-09",
      "category": "Transport",
      "amount": 45.00,
      "description": "Transport en commun"
    },
    {
      "id": 8,
      "date": "2024-01-08",
      "category": "Loisirs",
      "amount": 60.00,
      "description": "Concert"
    },
    {
      "id": 9,
      "date": "2024-01-07",
      "category": "Alimentation",
      "amount": 28.75,
      "description": "Boulangerie"
    },
    {
      "id": 10,
      "date": "2024-01-06",
      "category": "Transport",
      "amount": 55.00,
      "description": "Taxi"
    }
  ],
  "savingsGoals": [
    {
      "id": 1,
      "name": "Vacances d'été",
      "targetAmount": 2000,
      "currentAmount": 850,
      "deadline": "2024-06-30",
      "color": "#3B82F6"
    },
    {
      "id": 2,
      "name": "Fonds d'urgence",
      "targetAmount": 5000,
      "currentAmount": 3200,
      "deadline": "2024-12-31",
      "color": "#10B981"
    }
  ],
  "recurringExpenses": [
    {
      "id": 1,
      "name": "Netflix",
      "amount": 15.99,
      "frequency": "monthly",
      "category": "Loisirs",
      "nextDue": "2024-02-01"
    },
    {
      "id": 2,
      "name": "Spotify",
      "amount": 9.99,
      "frequency": "monthly",
      "category": "Loisirs",
      "nextDue": "2024-02-01"
    },
    {
      "id": 3,
      "name": "Assurance voiture",
      "amount": 45.00,
      "frequency": "monthly",
      "category": "Transport",
      "nextDue": "2024-02-01"
    }
  ],
  "debts": [
    {
      "id": 1,
      "name": "Prêt étudiant",
      "originalAmount": 15000,
      "currentAmount": 8500,
      "interestRate": 2.5,
      "monthlyPayment": 200,
      "dueDate": "2024-02-15"
    }
  ],
  "monthlyIncome": 3200,
  "selectedCurrency": "EUR",
  "initialBalance": 5000,
  "exportDate": "2024-01-15T10:30:00Z",
  "totalExpenses": 401.55,
  "totalSavings": 4050,
  "totalDebts": 8500
} 